{
  "0.0": {
    "untrained": {
      "pool_target": [
        0.4156263367725819,
        0.4602244922403025,
        0.5045565764933354
      ],
      "pool_speed": [
        0.7837325034198864,
        0.8690274810828171,
        0.839629331818587
      ],
      "pool_shuffled": [
        0.5456342142705779,
        0.5083203933747412,
        0.44566329284750344
      ],
      "mp_target": [
        0.13438714063714063,
        0.12748154623154623,
        0.13298853923853923
      ],
      "mp_leak_clean": [
        true,
        true,
        true
      ]
    },
    "predictor": {
      "pool_target": [
        0.3937349212052769,
        0.49839159522953985,
        0.586429512516469
      ],
      "pool_speed": [
        0.9230198713059125,
        0.921593822843823,
        0.8847601454320824
      ],
      "pool_shuffled": [
        0.5205581775492842,
        0.49780538302277433,
        0.48092296446243815
      ],
      "mp_target": [
        0.12320804195804196,
        0.12877331002331002,
        0.16089257964257966
      ],
      "mp_leak_clean": [
        true,
        true,
        true
      ]
    },
    "survival": {
      "pool_target": [
        0.5380798384750954,
        0.55703933747412,
        0.518162996423866
      ],
      "pool_speed": [
        0.9488303081942643,
        0.956523872817195,
        0.9242990746260364
      ],
      "pool_shuffled": [
        0.5847930889926938,
        0.5085429606625259,
        0.49713529014844793
      ],
      "mp_target": [
        0.13853438228438228,
        0.14277874902874904,
        0.15247183372183373
      ],
      "mp_leak_clean": [
        true,
        true,
        true
      ]
    }
  },
  "0.45": {
    "untrained": {
      "pool_target": [
        0.40650462844138724,
        0.4664938487072874,
        0.4586734082781514
      ],
      "pool_speed": [
        0.834476828520365,
        0.8652750999616904,
        0.8838303132268199
      ],
      "pool_shuffled": [
        0.5724628155112346,
        0.6111387163561076,
        0.3902521367521367
      ],
      "mp_target": [
        0.2812839937839938,
        0.30211732711732714,
        0.2910742035742036
      ],
      "mp_leak_clean": [
        true,
        true,
        true
      ]
    },
    "predictor": {
      "pool_target": [
        0.4321680954092021,
        0.5566783019352189,
        0.4647947572848758
      ],
      "pool_speed": [
        0.9348164879869685,
        0.9341987722422506,
        0.9265787540996092
      ],
      "pool_shuffled": [
        0.5281998008579036,
        0.49075310559006213,
        0.46802507872244714
      ],
      "mp_target": [
        0.3007187257187257,
        0.2797979797979798,
        0.32294094794094796
      ],
      "mp_leak_clean": [
        true,
        true,
        true
      ]
    },
    "survival": {
      "pool_target": [
        0.5616506681724074,
        0.5520823708570743,
        0.6303055969063874
      ],
      "pool_speed": [
        0.9675655820279164,
        0.9591907901663251,
        0.976435458480913
      ],
      "pool_shuffled": [
        0.4896958991820652,
        0.5310222567287785,
        0.4579129554655871
      ],
      "mp_target": [
        0.4163850038850039,
        0.4569055944055944,
        0.4414238539238539
      ],
      "mp_leak_clean": [
        true,
        true,
        true
      ]
    }
  }
}