{
 "source_run": "fullruns/07062026",
 "run_id": "20260707_015006",
 "git_commit": "820849f",
 "quick": false,
 "environment": {
  "python": "3.13.2",
  "torch": "2.7.0+cu126",
  "cuda_available": true,
  "cuda_device": "NVIDIA GPU"
 },
 "generated_by": "scripts/promote_ab_summaries.py",
 "flags": [
  "--seeds",
  "0",
  "1",
  "2",
  "3",
  "4",
  "5",
  "6",
  "7",
  "8",
  "9",
  "--updates",
  "300",
  "--dump-states",
  "fullruns/07062026/states",
  "--drift-mode",
  "regime"
 ],
 "pooled_target_drift045": {
  "untrained": {
   "pool_target_per_seed": [
    0.425149290761939,
    0.4486533887719658,
    0.6112537001865066,
    0.5699519189637767,
    0.5235870848519071,
    0.5111792686891501,
    0.48638245812158853,
    0.47394127611518916,
    0.39458361138203035,
    0.5591661961227179
   ],
   "mean": 0.5003848193966771,
   "boot90_lo": 0.46651397087760726,
   "boot90_hi": 0.5336047944150711,
   "n_seeds": 10
  },
  "predictor": {
   "pool_target_per_seed": [
    0.4156391697893674,
    0.5455152884006639,
    0.48597265711890214,
    0.5343377307804185,
    0.5384596957719486,
    0.5653320329209658,
    0.40532313536266107,
    0.5235990623342403,
    0.566198689321219,
    0.5504568553975668
   ],
   "mean": 0.5130834317197953,
   "boot90_lo": 0.4819003430693153,
   "boot90_hi": 0.5400845481922557,
   "n_seeds": 10
  },
  "survival": {
   "pool_target_per_seed": [
    0.6691827934910938,
    0.5140872302927639,
    0.5938641069075851,
    0.6418168129630579,
    0.6108122444090823,
    0.5860282668583064,
    0.61495132008966,
    0.6381508478346423,
    0.5579188268911589,
    0.6765480895915679
   ],
   "mean": 0.6103360539328919,
   "boot90_lo": 0.5846130460448642,
   "boot90_hi": 0.6343837884776621,
   "n_seeds": 10
  }
 }
}