{
  "0.0": {
    "untrained": {
      "pool_target": [
        0.4156263367725819,
        0.4602244922403025,
        0.5045565764933354
      ],
      "pool_speed": [
        0.7837325034198864,
        0.8690274810828171,
        0.839629331818587
      ],
      "pool_shuffled": [
        0.5456342142705779,
        0.5083203933747412,
        0.44566329284750344
      ],
      "mp_target": [
        0.13438714063714063,
        0.12748154623154623,
        0.13298853923853923
      ],
      "mp_leak_clean": [
        true,
        true,
        true
      ]
    },
    "predictor": {
      "pool_target": [
        0.3937349212052769,
        0.49839159522953985,
        0.586429512516469
      ],
      "pool_speed": [
        0.9230198713059125,
        0.921593822843823,
        0.8847601454320824
      ],
      "pool_shuffled": [
        0.5205581775492842,
        0.49780538302277433,
        0.48092296446243815
      ],
      "mp_target": [
        0.12320804195804196,
        0.12877331002331002,
        0.16089257964257966
      ],
      "mp_leak_clean": [
        true,
        true,
        true
      ]
    },
    "survival": {
      "pool_target": [
        0.5740482179217357,
        0.5215047139948326,
        0.44751125027804867
      ],
      "pool_speed": [
        0.9542330845255502,
        0.9442097117569347,
        0.9362562384221423
      ],
      "pool_shuffled": [
        0.5410146079217225,
        0.5446635610766046,
        0.463149910031489
      ],
      "mp_target": [
        0.12320804195804196,
        0.13155108780108782,
        0.12456779331779333
      ],
      "mp_leak_clean": [
        true,
        true,
        true
      ]
    }
  },
  "0.45": {
    "untrained": {
      "pool_target": [
        0.40650462844138724,
        0.4664938487072874,
        0.4586734082781514
      ],
      "pool_speed": [
        0.834476828520365,
        0.8652750999616904,
        0.8838303132268199
      ],
      "pool_shuffled": [
        0.5724628155112346,
        0.6111387163561076,
        0.3902521367521367
      ],
      "mp_target": [
        0.2812839937839938,
        0.30211732711732714,
        0.2910742035742036
      ],
      "mp_leak_clean": [
        true,
        true,
        true
      ]
    },
    "predictor": {
      "pool_target": [
        0.4321680954092021,
        0.5566783019352189,
        0.4647947572848758
      ],
      "pool_speed": [
        0.9348164879869685,
        0.9341987722422506,
        0.9265787540996092
      ],
      "pool_shuffled": [
        0.5281998008579036,
        0.49075310559006213,
        0.46802507872244714
      ],
      "mp_target": [
        0.3007187257187257,
        0.2797979797979798,
        0.32294094794094796
      ],
      "mp_leak_clean": [
        true,
        true,
        true
      ]
    },
    "survival": {
      "pool_target": [
        0.6054591653405883,
        0.57529387608439,
        0.6054583098061358
      ],
      "pool_speed": [
        0.937001546159155,
        0.9603605668225645,
        0.9775801849665486
      ],
      "pool_shuffled": [
        0.5789907901716203,
        0.5678778467908903,
        0.5009401709401708
      ],
      "mp_target": [
        0.363548951048951,
        0.4932886557886558,
        0.4108780108780109
      ],
      "mp_leak_clean": [
        true,
        true,
        true
      ]
    }
  }
}