{
  "0.0": {
    "untrained": {
      "pool_target": [
        0.3876033057851239,
        0.5115702479338843,
        0.5037190082644628
      ],
      "pool_target_lo": [
        0.32205371900826446,
        0.43619421487603305,
        0.43403719008264463
      ],
      "pool_target_hi": [
        0.46727479338842975,
        0.5906673553719007,
        0.5885268595041321
      ],
      "pool_speed": [
        0.7899332932003211,
        0.8563147773279353,
        0.8127123962358516
      ],
      "pool_shuffled": [
        0.5500769641383207,
        0.5159320233305629,
        0.4913172877846791
      ],
      "pool_anchor_energy": [
        0.7567926065162907,
        0.836949327689125,
        0.8473008332001651
      ],
      "pool_anchor_food": [
        0.6367473053548904,
        0.768952121111212,
        0.8357640977443609
      ],
      "pool_ceiling_drag": [
        NaN,
        NaN,
        NaN
      ],
      "mp_target": [
        0.5,
        0.5,
        0.5
      ],
      "mp_leak_clean": [
        true,
        true,
        true
      ],
      "xeval_return": []
    },
    "predictor": {
      "pool_target": [
        0.44173553719008274,
        0.5599173553719008,
        0.6086776859504133
      ],
      "pool_target_lo": [
        0.3631921487603307,
        0.4795020661157025,
        0.5294214876033058
      ],
      "pool_target_hi": [
        0.5154566115702479,
        0.6330619834710743,
        0.6804256198347107
      ],
      "pool_speed": [
        0.901482713250968,
        0.922636373542552,
        0.8848376040493265
      ],
      "pool_shuffled": [
        0.5049875859096236,
        0.5330950947630513,
        0.5452587991718427
      ],
      "pool_anchor_energy": [
        0.6220602142967535,
        0.8589951714951715,
        0.8025665584415584
      ],
      "pool_anchor_food": [
        0.8141634991398357,
        0.856288452457789,
        0.8024258650388513
      ],
      "pool_ceiling_drag": [
        NaN,
        NaN,
        NaN
      ],
      "mp_target": [
        0.5,
        0.5,
        0.5
      ],
      "mp_leak_clean": [
        true,
        true,
        true
      ],
      "xeval_return": []
    },
    "survival": {
      "pool_target": [
        0.5582644628099173,
        0.5380165289256198,
        0.4644628099173554
      ],
      "pool_target_lo": [
        0.4862789256198347,
        0.46817975206611573,
        0.396107438016529
      ],
      "pool_target_hi": [
        0.6373574380165289,
        0.6249648760330577,
        0.5413264462809917
      ],
      "pool_speed": [
        0.9551102351754525,
        0.9676402607689794,
        0.9608203842940686
      ],
      "pool_shuffled": [
        0.5915657235781075,
        0.45680961995782293,
        0.4273757763975155
      ],
      "pool_anchor_energy": [
        0.7494187020506711,
        0.819897342995169,
        0.8260622367387734
      ],
      "pool_anchor_food": [
        0.845322624594778,
        0.8553070570733615,
        0.7421769746545962
      ],
      "pool_ceiling_drag": [
        NaN,
        NaN,
        NaN
      ],
      "mp_target": [
        0.5,
        0.5,
        0.5
      ],
      "mp_leak_clean": [
        true,
        true,
        true
      ],
      "xeval_return": [
        {
          "0.00": 0.2539868222992838,
          "0.45": -0.17103313920399982
        },
        {
          "0.00": 0.12105927850343182,
          "0.45": -0.1935388513798484
        },
        {
          "0.00": 0.324563212382957,
          "0.45": 0.026187594394975918
        }
      ]
    }
  },
  "0.45": {
    "untrained": {
      "pool_target": [
        0.4363636363636364,
        0.5330578512396694,
        0.45785123966942154
      ],
      "pool_target_lo": [
        0.36040702479338843,
        0.45569834710743806,
        0.38395867768595043
      ],
      "pool_target_hi": [
        0.5102541322314049,
        0.6123223140495867,
        0.5356301652892561
      ],
      "pool_speed": [
        0.8274509999396624,
        0.8567848890124738,
        0.8432798556758406
      ],
      "pool_shuffled": [
        0.5487666971674853,
        0.6048046346685128,
        0.39597049689440994
      ],
      "pool_anchor_energy": [
        0.8108462732919255,
        0.8523815522144919,
        0.8628649885583524
      ],
      "pool_anchor_food": [
        0.6293155244831447,
        0.7709105635100593,
        0.8243452789582653
      ],
      "pool_ceiling_drag": [
        0.5463990554899645,
        0.6459622195985834,
        0.6869559228650137
      ],
      "mp_target": [
        0.4527777777777778,
        0.5375,
        0.5166666666666666
      ],
      "mp_leak_clean": [
        true,
        true,
        true
      ],
      "xeval_return": []
    },
    "predictor": {
      "pool_target": [
        0.47190082644628106,
        0.5322314049586777,
        0.5268595041322314
      ],
      "pool_target_lo": [
        0.3982603305785124,
        0.4696632231404959,
        0.454702479338843
      ],
      "pool_target_hi": [
        0.5542293388429751,
        0.6230619834710743,
        0.6093491735537189
      ],
      "pool_speed": [
        0.9195043675033794,
        0.9332543321793894,
        0.9272005219660724
      ],
      "pool_shuffled": [
        0.5379698235487709,
        0.5262709017499703,
        0.5351604554865425
      ],
      "pool_anchor_energy": [
        0.7792818576706045,
        0.870463114307508,
        0.7702406832298136
      ],
      "pool_anchor_food": [
        0.8129892758352296,
        0.8321010807374444,
        0.8114069969917448
      ],
      "pool_ceiling_drag": [
        0.6698868555686738,
        0.7094106650924833,
        0.6571438410074772
      ],
      "mp_target": [
        0.5833333333333333,
        0.5208333333333333,
        0.5597222222222223
      ],
      "mp_leak_clean": [
        true,
        true,
        true
      ],
      "xeval_return": []
    },
    "survival": {
      "pool_target": [
        0.5859504132231405,
        0.4954545454545455,
        0.4876033057851239
      ],
      "pool_target_lo": [
        0.49982644628099177,
        0.42808884297520666,
        0.40371694214876036
      ],
      "pool_target_hi": [
        0.6553801652892561,
        0.5798429752066115,
        0.5588450413223139
      ],
      "pool_speed": [
        0.9597741228070177,
        0.9307878769867536,
        0.95130339467296
      ],
      "pool_shuffled": [
        0.526159140356157,
        0.5103248904443547,
        0.5327820910973086
      ],
      "pool_anchor_energy": [
        0.7558257995644879,
        0.7866702717659869,
        0.7490951020481805
      ],
      "pool_anchor_food": [
        0.8558226220979069,
        0.8344150579328445,
        0.8344226543658362
      ],
      "pool_ceiling_drag": [
        0.7511648957103503,
        0.7335724124360488,
        0.7614344746162928
      ],
      "mp_target": [
        0.475,
        0.6250000000000001,
        0.6027777777777777
      ],
      "mp_leak_clean": [
        true,
        true,
        true
      ],
      "xeval_return": [
        {
          "0.00": -0.020566923633508236,
          "0.45": -0.16079543292670936
        },
        {
          "0.00": 0.26052395357167324,
          "0.45": 0.083668487196749
        },
        {
          "0.00": 0.23218989799894318,
          "0.45": -0.07403525859617247
        }
      ]
    }
  }
}