{
 "source_run": "fullruns/07092026",
 "run_id": "20260710_013417",
 "git_commit": "f848738",
 "quick": false,
 "environment": {
  "python": "3.13.2",
  "torch": "2.7.0+cu126",
  "cuda_available": true,
  "cuda_device": "NVIDIA GeForce RTX 4050 Laptop GPU"
 },
 "generated_by": "scripts/promote_ab_summaries.py",
 "flags": [
  "--seeds",
  "0",
  "1",
  "2",
  "3",
  "4",
  "5",
  "6",
  "7",
  "8",
  "9",
  "--updates",
  "300",
  "--dump-states",
  "auto",
  "--sysid-aux",
  "--drift-mode",
  "regime"
 ],
 "pooled_target_drift045": {
  "untrained": {
   "pool_target_per_seed": [
    0.425149290761939,
    0.4486533887719658,
    0.6112537001865066,
    0.5699519189637767,
    0.5235870848519071,
    0.5111792686891501,
    0.48638245812158853,
    0.47394127611518916,
    0.39458361138203035,
    0.5591661961227179
   ],
   "mean": 0.5003848193966771,
   "boot90_lo": 0.46651397087760726,
   "boot90_hi": 0.5336047944150711,
   "n_seeds": 10
  },
  "predictor": {
   "pool_target_per_seed": [
    0.4156391697893674,
    0.5455152884006639,
    0.48597265711890214,
    0.5343377307804185,
    0.5384596957719486,
    0.5653320329209658,
    0.40532313536266107,
    0.5235990623342403,
    0.566198689321219,
    0.5504568553975668
   ],
   "mean": 0.5130834317197953,
   "boot90_lo": 0.4819003430693153,
   "boot90_hi": 0.5400845481922557,
   "n_seeds": 10
  },
  "survival": {
   "pool_target_per_seed": [
    0.6588342487551972,
    0.5628954708006091,
    0.5524887497219513,
    0.612879215646014,
    0.6286022278117139,
    0.6542922163475524,
    0.5818832024365621,
    0.5549749328405454,
    0.5673853156066595,
    0.585579111270811
   ],
   "mean": 0.5959814691237616,
   "boot90_lo": 0.5769119997262291,
   "boot90_hi": 0.6164580873671783,
   "n_seeds": 10
  }
 }
}